id,sequence
fadg0_si1279,葅羳槼鎩諔
fadg0_si1909,縼悱塭衢亞蚜
fadg0_si649,爨巏秋卜駉彀鯀洈矚錚嵫
fadg0_sx109,畫瑾扴矚釋矻遇硍軺
fadg0_sx199,朻鞨瀔擰昑愆睽郙
fadg0_sx289,餰欘梊笛柙釃
fadg0_sx379,莏剴烷虇騿綯嘴黈暱張
faks0_si1573,爨保堷櫃詨寋岍梉潶梊狐餭
faks0_si2203,游甈卯蘣仝瀙櫻
faks0_si943,曭翩毨欺螇芽
faks0_sx133,牳戟寋潶槼琖塭魃刨遇珈
faks0_sx223,段戠圄滵熨虇釋
faks0_sx313,懵鍕笄砎耙鄆搚
faks0_sx403,矚診摟篕喁逖綒
fcal1_si1403,蚪韋寋薊廎鏚鷦鋮債韡襑奸肉
fcal1_si2033,昕娭鏹即箊襡債騿鼷
fcal1_si773,娭繄澦撈紁瑏鎢張
fcal1_sx143,鼷埒袟膏炩噊鎢踆古
fcal1_sx233,嗐騿廑槨虺綯唒
fcal1_sx323,卜旳尚砅姁楝喃
fcal1_sx413,迾幧妄氳嬣砑欀敵
fcal1_sx53,濲瞳奸妠甇
fcmh0_si1454,岶撈螿啖褟琳畫峈瓴婰驉潕沄
fcmh0_si2084,餰崑猗籃剴
fcmh0_si824,黈枌屇猗机橇薡洘旳袢簻誒萳
fcmh0_sx104,藅黈鞃騿竘
fcmh0_sx194,除纟騿衎騿籃珈
fcmh0_sx284,削瘁鶐索著卜珞聝
fcmh0_sx374,洖墨愎鱼羦
fdac1_si1474,膛蘣剴剴汃硿八灑訰
fdac1_si2104,撮騿菼騿藅瘁韋埬嘟鎥奸羰人
fdac1_si844,升米鯉驗寋鑾豐棄侳虎鳳剴斑亂張谼痱
fdac1_sx124,洞棌噊趿趫
fdac1_sx214,裚灑瀝佝紉娭菼鋮伺惚髜楫菼岧
fdac1_sx304,畫襡舸豐婰眱狚釨剴圉遇
fdac1_sx394,瞳岍張槴堷倇煁騿遇
fdms0_si1218,倎揲冊躬埒
fdms0_si1502,債禠衱軸鏚紁埬倇鋸菼蒟鹺
fdms0_si1848,輥蕛畫礧九埬罺嗶
fdms0_sx138,蝣氫崳卜訟岍
fdms0_sx228,躬鷦唋裚藻僄
fdms0_sx318,哱烠筦罅謬
fdms0_sx408,棲爨衲篕鐘鷦卜懖
fdms0_sx48,薅篕遒佁矚駰岍翣帟
fdrw0_si1283,鼷佝魅蟊伺吪毨蝘疼篕廜趠
fdrw0_si1423,諆萇藅覈饡瀝
fdrw0_si653,瀔螿壏粥啖罏梜瀝渝
fdrw0_sx113,賏篕泐襫非寋卜咂砑氪
fdrw0_sx203,倘螿瞈虇螿啖鼷債餰
fdrw0_sx293,詺蟊寋億段騇鰩筦芫醀
fdrw0_sx383,髑釷瀝樁埒虇
fedw0_si1084,畇斨枋葹凅庛浾窌韋段除菡詫
fedw0_si1653,鏚爨軒覽
fedw0_si1714,鱸嬣樁革鷦薚偡慟
fedw0_sx184,镼人礧痲瀝瀝韋妵鋮欋屇
fedw0_sx274,罛蛝瀝篕瀔諵篕潶梊
fedw0_sx364,梊剴絯螿綯塉殶錴潶騿螐橘菼剴濧硍鶜莒
fedw0_sx94,巔欀珖珋從啖摁
fgjd0_si1179,伓廜犑趿
fgjd0_si549,鳼硎壈縑棔詨雃騜雹膏牳蠨
fgjd0_si818,倎棸鑾翭嗐豵淄瀝梜塭愆邡娓釀芽
fgjd0_sx189,鎃削瓴瘁价螿喨粥騿蒟
fgjd0_sx279,菼湖悱債埽魃餰癢寋誒診鋠
fgjd0_sx369,椪椆媞彭紂
fgjd0_sx99,庛鋮甈張詨鍣
fjem0_si1264,倇唒寋瀝蜅墀熨瘣塭駇啅
fjem0_si1894,腧抎千抱仝剆揌藻旨瀝
fjem0_si634,藅嚌鱨巏韋卜魂鶺格邴花狒噦卜菼齦娭詫
fjem0_sx184,咺櫻瀝峈鱨芽
fjem0_sx274,罛瑔鉠襭屺硠
fjem0_sx364,嶠岍鱸殶寘潶騿罥驔綦堇藅詈爨花蕢
fjem0_sx94,丁篕仝逖頓馲鱋鏚梜奸造
fjmg0_si1181,晼鋠驔格夭篕寋櫃慴芵塭埬剴葹
fjmg0_si1811,愜熼豐診蟧黈褸
fjmg0_si551,豐禍唒騇廜蕢鵀
fjmg0_sx101,羖悱鸋駎煚誒橘唒雹疼綈鋂嗐攭
fjmg0_sx191,筴虇紂丁縡鳳濲
fjmg0_sx281,玸檷笓伺卜趿圯欥圻
fjmg0_sx371,罏鬑潟漂娵琳淓紁匒肴
fjsj0_si1484,佺廡孑輍毖簻黈
fjsj0_si2114,毄遯柑礧伺滂嵉
fjsj0_si854,翭瓤瀴鋮鷦詈
fjsj0_sx134,屇孅鬯蟊槼釋塶雃堇
fjsj0_sx224,谼著愜
fjsj0_sx314,區讙熿橍秪趿惷瘁紁
fjsj0_sx404,駷澫哱儡磡
fkms0_si1490,谼魍虇悱人纟呱
fkms0_si2120,躬嗐鼷芵歪膏屁珈寋鷦
fkms0_si860,彥旎絕鼉甇債爨寋雃埬詫
fkms0_sx140,惱結坒樁篕丁巳草靛
fkms0_sx230,娭掌啖嚲夭騿旋机潶穹
fkms0_sx320,綒忤褟篕啖卜堷傱賴芽
fkms0_sx410,价撦綈鼚珞餰笅遇悱
fkms0_sx50,醅虇駎赳嗿劈氳古
fmah0_si1289,夫蘣渡趌
fmah0_si1919,他輊貫岍綯筦芫棸膊
fmah0_si659,藅坋挈逖絓篕礧諶遫畟帟寋宸藅顝藅憒
fmah0_sx119,鼷矻雪卜熠
fmah0_sx209,轔俶旁拵皊
fmah0_sx299,礌濼寋晼覤浨拵
fmah0_sx389,澫罅鹺堷鞷餿鱸灚
fmml0_si1040,夂仨宁寋塭妧殑梊債浠
fmml0_si1670,矛摟盆赶瀝硫顜埬藅
fmml0_si2300,遠窬菬墐浠鶐硍
fmml0_sx140,踅塏晼誒逖揗埁勦敼
fmml0_sx230,埬梵埁螿挩坒婌潶埬暱
fmml0_sx320,塭旖熇棌菼趿椆塭犩濲
fmml0_sx410,毖晼釋旎傱珞媌紸萴
fmml0_sx50,醅這颶珘即灤
fnmr0_si1399,爨蘣摐蟊甈姭悱乖滵綯豊鱋杌篕非
fnmr0_si2029,撱馲餲儿豐潶澒
fnmr0_si769,黈潶騿覕刨綯見浰
fnmr0_sx139,駷撈餰鰭癢鎢凅薚
fnmr0_sx229,冥鱸熿嬧簪
fnmr0_sx319,悶海鉹乿瀝蓰書浨
fnmr0_sx409,墨棌珈莝鱸鼷座債篕珌
fnmr0_sx49,悱珗騿揊鄀娛鐘場
frew0_si1030,戟丁卜餰袺
frew0_si1280,爨抶螔奢櫫詈八娭鸗
frew0_si1910,帔詛塭騿姤丁
frew0_sx110,謹娖硎珖卜哉
frew0_sx200,疸狆邴仝菼嬿
frew0_sx290,鼷軧鉲岍乿卜餰雃駷
frew0_sx380,圻薵蕍
fsem0_si1198,豐猊鱨棋
fsem0_si1828,豚唎箊畟枒庂摐剴蟟齦
fsem0_si568,菼虇睡寋篕潶槼僋餕蚪惱
fsem0_sx118,紸忤跩人槼駘軒
fsem0_sx208,虇黈邴晼沼甈橘挈
fsem0_sx298,踚槼櫰鯧堷裻紃爨
fsem0_sx388,九暘張旎惱刜搉樊侑
majc0_si1946,佺怫犮濧鋟墐
majc0_si2095,葹的紉塭藅鼷蜅岦
majc0_si835,昶簪寋榃螝鼷卜槼愜羱
majc0_sx115,圉木鼷爾瀝欄
majc0_sx205,債芵嬣萴犩繶蜅儡邧摃
majc0_sx295,卜狆脖匡鐘毖紁礧碙屇
majc0_sx385,鮠芫渣卜襜
mbdg0_si1463,媌菼醊襑葹黈雃暕
mbdg0_si2093,藅唒紁寋梵呱欨裚墓褙樇帟
mbdg0_si833,髜訟廔泠堷畫
mbdg0_sx113,篕嵥价賏塭爨郋鶌
mbdg0_sx203,酐憒嗏彭覤
mbdg0_sx293,倎聿逖啖鯠齝錴梊癇
mbdg0_sx383,砑讙誽妵哃
mbns0_si1220,跽伳舡洶牳岰揌槾
mbns0_si1850,鶠匡倇痲鶐瞕
mbns0_si590,熏垮恣憐欶銂枹馲魃虇苭
mbns0_sx140,結泖爨樁篕丁喁凅悱
mbns0_sx230,倎掌藅黶篕毦瀝嬣
mbns0_sx320,仨阭鶐礧小鷦傱濲
mbns0_sx410,价萼踍踆珞梜澫熿塭
mbns0_sx50,醅虇泗煥縹窵灤
mbwm0_si1304,屇餰篧膨瑾嗐篕餂趿船凅
mbwm0_si1934,韋頓蚪
mbwm0_si674,鼷鼷昹見鼷訟芽穘閾悼滋
mbwm0_sx134,爨腑剴餰嵾酗堇
mbwm0_sx224,謄凅詨喳
mbwm0_sx314,嗶暵欭逖碴恧絓
mbwm0_sx404,笛濂椪魑趿踘
mcsh0_si1549,檠庛篕丁幯瀙
mcsh0_si2179,葹藀他嬣肙
mcsh0_si919,薚鬌鉠沓椪鋪丁廧戠棌虈宁癢
mcsh0_sx109,顢塭銂矚橘鱋殀幍
mcsh0_sx199,挨駇瀔灑鳳膨見噥寋遯爨
mcsh0_sx289,閘飾昃餺柙鷦憴
mcsh0_sx379,澫欶寋埽瀴讙墨
mdlf0_si1583,餰舡聘憢樲艾槼
mdlf0_si2213,婰穿揗魂瓦
mdlf0_si953,爨樁塭屇伺蜅鑯鋁嬏黈遇葹拴喻
mdlf0_sx143,礎綯柍惎膀伺搚
mdlf0_sx233,淓韋剴槨虺喔
mdlf0_sx323,篕抎竮巔樁蘣忤鬑
mdlf0_sx413,愻揤丁段寘稂犈逖
mdlf0_sx53,甈篕魂霍躽羖姤婰嬣
mdls0_si1628,濦葹鐘埬栦仝舡榭驠勦
mdls0_si2258,痲致樥
mdls0_si998,船覕墊
mdls0_sx188,柫紁澦辟般
mdls0_sx278,慪卜爨倇堵噰鼎揲
mdls0_sx368,娭澒脖塭啖債咮爨趿認錄
mdls0_sx98,煥棸羭帟
mdvc0_si2174,薚砢攽藅奰
mdvc0_si2196,膦踍譖虇礧寋畟剴斂丐艨趿妄緄
mdvc0_si936,埬艾門毄嫉跍樁匡
mdvc0_sx126,樁驗諷篕袟縑娖債
mdvc0_sx216,唒匡衲慷沎遇截
mdvc0_sx306,顊啅趿鱋裰
mdvc0_sx396,訧畫鴙柴皛遇篕逖卯鼷葹螿鱸
mers0_si1019,罅澰戟醊蜅寋舍吙
mers0_si1649,卜鬣礫菼瀝
mers0_si497,爨謐蜌謹懵勦眝槼汾嶜椆帟
mers0_sx119,仨髟蘾餰翔
mers0_sx209,轔罛欭蚪奢疼吙
mers0_sx299,柪瘚寋晼柞膛樅遇淓恌
mers0_sx389,棌婉除淓漂被玸吊
mgjf0_si1901,篟椆澦莏九闈菼劍馳
mgjf0_si641,他埬潶逖藘俐踐遇鼉泵慷讞
mgjf0_si776,琳覕軉蜅覕蟊
mgjf0_sx101,畟餰豵菄恣綦咧塶毨秉張
mgjf0_sx191,脩睠嗿琝澲
mgjf0_sx281,玸慧莏務濣圯餰鑇
mgjf0_sx371,邦賏錫詈絯黶寋悱嬣
mglb0_si1534,寋翭秪葹頓篕髜鼷鎢丿瀁
mglb0_si2164,庵惱絓
mglb0_si904,躬潤熿樇秪殫鋿痲葫伈
mglb0_sx184,膈巔瀝瀝奢棲
mglb0_sx274,墜餰瑾仨襭婸篕覤
mglb0_sx364,垀琳礧螄娭夗欸鋮柫虇檀藅爨闍
mglb0_sx94,段鸄鱋從蕖
mgwt0_si1539,棔爰鯉軝姭裱鵀
mgwt0_si2169,段毄摃卜珞珈軉炵虇聘般棞篕棸
mgwt0_si909,顝捭琖覕羱膀像馻忤騿樁騿欸
mgwt0_sx189,婢穘像格喨葹蟊釋詈
mgwt0_sx279,櫻悶篕窬鱸嵉鎃訟垀膏踆撈驍
mgwt0_sx369,鶐澫梊茅瘨价瞱
mgwt0_sx99,礧段鋮囂祹遇治軻挈
mjar0_si1988,嗐筴痲撈朹歲
mjar0_si2247,幧欸嚌瀔
mjar0_si728,楜榆苭逖紁珖寸檷菼葹啊棸
mjar0_sx188,朔軻跍灡皸
mjar0_sx278,蜅欥蟊甈珞藅姤膊躋烼
mjar0_sx368,峚呱娛惚撈趿鱸姪猊
mjar0_sx98,爨莙羭瑙
mjfc0_si1033,卜襜鼷齴逖
mjfc0_si1663,藅瘁藅煁篕泠瀁伺篕鷦棸
mjfc0_si2293,趒皛裚檟蚪佺槼爨娭芫蒟
mjfc0_sx133,牳戟寋槼梜蘀九撈篕梊
mjfc0_sx223,段痞娭饡廎虇梊
mjfc0_sx313,蜅仝騿緁篕卣滵診
mjfc0_sx403,佡袘馲揗螿餿薖篧
mjsw0_si1010,鼷娭琌游潶嗐騿潘逖礧張騿張奕
mjsw0_si1640,嗐篕債忤圉
mjsw0_si2270,鎃薿膊寪
mjsw0_sx110,詈箊鞨黈潶鶌迦犮紂
mjsw0_sx200,淆龤潶銅寞珞嬣
mjsw0_sx290,鼷暱錴鬑悱卜旳雃駷
mjsw0_sx380,懠廧榨邏濻諾
mmdb1_si1625,剆硍篕体爰
mmdb1_si2255,藅鄰篕萴鷍要婰卜鱸藻箊
mmdb1_si995,蘀罏逖寋飌罛夗熲跍趡潶蒟
mmdb1_sx185,梊剜愻攽椆皛
mmdb1_sx275,硍漏敖欭洛
mmdb1_sx365,暐庵焱諵恂倎埱戟恕
mmdb1_sx95,滵欸寋憒牓億秪琳筦
mmdm2_si1452,饑廜盆瀑詈饑艮顳摟甿
mmdm2_si1555,篕硍鬢張屘
mmdm2_si2082,痲靨腸羖巳
mmdm2_sx102,鬌鎃瘁稂黦趒畟旳
mmdm2_sx192,懵剆驏縼鬯
mmdm2_sx282,仨蜅紁捥煟慧拱菲
mmdm2_sx372,唒騿躲壖柦娭傎晷
mmjr0_si1648,棸卜鯉軉蠡瀝庵穢悱馲撈爨哱墳
mmjr0_si2166,甿玸樁潶鵅
mmjr0_si2278,藅眓瘁在丁儃欭
mmjr0_sx118,磡廡噦鼉樁櫻
mmjr0_sx208,虇黈谼貕愆琌瀜詈
mmjr0_sx298,騿縤晼蘣齴黈罅嘻呲樁梊
mmjr0_sx388,矚矚橘暘儃他笛搉樊溪殍
mmwh0_si1089,坒鬫瀑勰唒
mmwh0_si1301,荽笄熿即賗樨鉅
mmwh0_si459,藅欥訟鶈轙馲僄詈嬧絓比嗐潕
mmwh0_sx189,瀜郅瘁螿悱葹湓
mmwh0_sx279,筦寋山啖奢餰筦訟凅寋踆螐
mmwh0_sx369,鶐椪拱瘨刐淍
mmwh0_sx99,庛鋮把鸑遇鍣
mpdf0_si1542,仨藻書鯧堷漂膀葅
mpdf0_si2172,黈卜蠰驔篕棸嶜悶癸
mpdf0_si912,濧癜肉偎市縡
mpdf0_sx102,琌米虌旖鱸嗐喨寋註塭嬣
mpdf0_sx192,煁剆逖虇諔凅緯畫餰
mpdf0_sx282,儃紁卜梊鶌瑔躲儃凹
mpdf0_sx372,仨矧秪壖柦顐猢罅
mrcs0_si1223,餰橘离腧劍痘
mrcs0_si1853,謹人鴻錘寙濲塭驐舀
mrcs0_si593,鼷古剆膀寋仨騿蟊僄魤
mrcs0_sx143,鼷菼篕菼袟膏鄿舸梜略翭
mrcs0_sx233,榴唒槨瘙鑾硊
mrcs0_sx323,裚柞灥鎢圉瘁颳忤嗐樅
mrcs0_sx413,仝丁訿瀝法鋕敵
mrcs0_sx53,鬢篕鸄瞳萆薖
mreb0_si1375,紁慁飩韋塭頯梊嘟芵珈鞷棸
mreb0_si2005,揖輍鷦嘰虈砑晷夫梜墓夂
mreb0_si745,清棟寋巳駔
mreb0_sx115,梜賏鋸翳虇嬣瀝娭棸
mreb0_sx205,訃旳苭蕍做儡鴞虇嬣
mreb0_sx295,敵莞楋袢瓅鉼
mreb0_sx385,凅翌渣卜欺塭
mrjm4_si1489,伺娭儃伓謯
mrjm4_si2119,棸劈筴濧塭鈌
mrjm4_si859,鏚葹銖谼剴帾滵澫虇段醊傑釭龜珈
mrjm4_sx139,賾撈浧礧謰即
mrjm4_sx229,鬢鶐貕
mrjm4_sx319,趿估棕略銡抎
mrjm4_sx409,棸堷珈丁扴桐核梜
mrjm4_sx49,觶緁毨唒伓挶
mrjr0_si1182,謹卜朄畫偪遯儗寋黈
mrjr0_si1812,悱鋠寋婞樅瘁般韆
mrjr0_si2313,熲妘芽薄嫖餕剆奷軾榗痲壈穛
mrjr0_sx102,黈篕棰人虌儃嗐圮樅羖嬣
mrjr0_sx192,煁剆堶闡
mrjr0_sx282,瘽牌升俶竣倇榿勂
mrjr0_sx372,鯕夫賏鳳衎撮紸誁
mroa0_si1307,鼷寋踆欨諔茬活谼
mroa0_si1970,俑廎塭鰤傅遇寋銚駰蟢
mroa0_si677,嗽惌趿踆瑂餰
mroa0_sx137,餰紉菼鉶虇蓰屁褻媿
mroa0_sx227,黈逖翭膢
mroa0_sx317,彪膨餰蔦螄
mroa0_sx407,倎篌堷橇卜遇紸屇樁丁
mroa0_sx47,舼奫埬晏塘
mrtk0_si1093,餰市爨夂鏚岌鋮恧
mrtk0_si1723,塭覕啖蜥鷦苭診
mrtk0_si1750,羖襑槼肉悱葹罣鼷琳粥騿銖膏
mrtk0_sx103,俶格婰体禢
mrtk0_sx193,診騿刺滵鎥寋鞈灑騿塭
mrtk0_sx283,倎櫃槼鯉梊圮蟊廎欶槼毨
mrtk0_sx373,熿鶐儱訟硍轏鯉
mrws1_si1130,彭蕕耳惱詨陽圉蒟
mrws1_si1496,畈佺咮帢義鬱薄
mrws1_si500,嘻熿仝鼷齦敻審丁扙儃墨
mrws1_sx140,惱卍鶯吜礧榃銖趿索
mrws1_sx230,瘨掌赶睠娭机娭詹
mrws1_sx320,恣捘棌慣朁纖
mrws1_sx410,价撦踍豢佝爣鞷
mrws1_sx50,醅虇棔鱋踐廎氳讙
mtaa0_si1285,樿亞晼土趿氫
mtaa0_si1915,鏕寋羱堵壣倇塭伺詘篕敔笓者衣爨
mtaa0_si596,戴寊翭踆琳
mtaa0_sx115,餰炎筍黈鉶爨蚪鯉
mtaa0_sx205,仨慷訟稂山悱硫嘻債嬣
mtaa0_sx295,卜珵荽揲鐘杌霖乖儃
mtaa0_sx385,雖餰斻寋卜梊袖
mtdt0_si1994,蚪毨遯轐頹藭繶非痲諝篠診篕洶
mtdt0_si2254,箸嚧霓屺鋹
mtdt0_si994,棰瘽蜅戟穢訟喨篕梜鏄
mtdt0_sx184,摟礧櫻蒟嬣葹跍黈
mtdt0_sx274,泃拱篕姵梊睥鳿
mtdt0_sx364,梊嶠螄殶埸硠懶唒篕岌顢頦蕢
mtdt0_sx94,段吜撈潗喁蕖
mteb0_si1133,翭砅罛洧憟瘁淹
mteb0_si2064,褳郋餰跨舼伺悱寋篕非葬遏梊閶致捑
mteb0_si503,軾紨跍亞
mteb0_sx143,鼷孅瘝栖畟趿軺
mteb0_sx233,拵塭掌瘙鑾頊
mteb0_sx323,裚豨綯塭剴睨姁忤凱
mteb0_sx413,仝丁拓丿晼梜稂犈逖
mteb0_sx53,痲擰略摃郅峬麻侮
mthc0_si1015,鏚唒躍懵驍鐰畫稂嘟娭膞梜
mthc0_si1645,砎蕢燤泐种爨鵀
mthc0_si2275,債枌蚜僄珈侳
mthc0_sx115,鐿篕礧筍魤虇欈瀝伈
mthc0_sx205,存礪赳諛儡鬘駇塭餺
mthc0_sx295,卜愊漏壣毖啖瓅岠
mthc0_sx385,剆鋹芫梵八餰臕
mwjg0_si1124,谼礧罄瘙揲梜餰豐媷闍焄
mwjg0_si1754,藅濈嵿略騿段
mwjg0_si494,澫憟謹屼煓讙
mwjg0_sx134,鱸飧乾餰澦榨堍醀罅
mwjg0_sx224,剆豐珈槼幯槼
mwjg0_sx314,鼕塶贖仨梜媒啊睨
mwjg0_sx404,氳訟氳鏚訟脹濈貕晼釋
fdhc0_si1559,梜塻薄驔虇羱蛪彭鱐螐肉
fdhc0_si2189,銣裚錤蚇寋畫嬣
fdhc0_si929,剜棄兢餰塭躍奸巳塻
fdhc0_sx119,燤屇佸彭段陽
fdhc0_sx209,葹翭拫槼蚪餿迾
fdhc0_sx299,牣橘欨篕晼債梊釋丐嗐撈箊
fdhc0_sx389,除棸鏕蓀堷浨翭罅鋮蟊
felc0_si1386,悱韋凅鬘畫珧鼷苵喨宰鼷塭棸猀
felc0_si2016,嚧段吙躒仨帟劮佩
felc0_si756,鎩紂煘鯉鷦罛啖踚韋診聬
felc0_sx126,羳蚜軵袟縑鋁冥
felc0_sx216,紸焙谼刐姒
felc0_sx306,顊佴餰趿礉筦
felc0_sx396,鼷雖煚幯梜韏芀欸紸鏡
fjlm0_si1043,謹栔屇礧鼷阭薚圻
fjlm0_si1673,枸藅騿遇篕螿吙鉞薄伺
fjlm0_si2303,塭菄忥碚捭捑鏹豝
fjlm0_sx143,鼷邢卜梊螈畟柑
fjlm0_sx233,膛勂罅塭槨瘙岧矛浨
fjlm0_sx323,卜走鏦瓅軻塭霩
fjlm0_sx413,牳梜堵氳甈砑捊鋁
fjlm0_sx53,蔇詻齾甿姤杌薖
fmgd0_si1564,膛驔要寋紝剜毄睠剴屇鯀餰褪钁
fmgd0_si2194,藅毨騿剴蜅肉削矛恅窬熨藅擰紝
fmgd0_si934,仝瓴鑾淗潶拖灚
fmgd0_sx124,赳毄庵憃騩
fmgd0_sx214,丐罅塉璉滽艾岧
fmgd0_sx304,牳雹齦虇菼邏叮娭槼
fmgd0_sx394,般岍蟊矂丁胏
fmld0_si2185,畫棄傱部椴綈爁躚
fmld0_si822,葫檜蘣嚮瑱銖
fmld0_si925,段轚鱨奕寋穢暱
fmld0_sx115,乜諻佁篕潶粴
fmld0_sx205,堆囔苭昇鏕餰除鎢塭匜
fmld0_sx295,卜釙煁治橘紁礧梜蜅
fmld0_sx385,鼷菄榆卜餰笛
fnlp0_si1308,塭梜寋晼訰挭囪遇蔣奸婰肝睏
fnlp0_si1938,埬瘨塭滂義篕凅僉洼篆
fnlp0_si678,黈嘟騿張塭礧羖謢
fnlp0_sx138,翣篕薄鱸豝篧篕礧芽卜聬倇鷦
fnlp0_sx228,蛪晼螿嘻甿篕廜欸
fnlp0_sx318,倎鉼塶毖渣稼窴躲
fnlp0_sx408,琳悶瑔秪騿駎違誒柦
fnlp0_sx48,賅藀膞慞冥恤剆棲
fpas0_si1272,瑜飩睡
fpas0_si2204,黳鬑鱸梵樁鵯斻羱摐塘傱塭揌
fpas0_si944,馲瓅梏圉篕硍閷
fpas0_sx134,花舵罅駰嵾棸瘣炵礧
fpas0_sx224,趒廝喳
fpas0_sx314,潮熿欸縤賾踆篕蹊蚪餰
fpas0_sx404,瘑槼椪糪踘
fpkt0_si1538,翭鐰賅邴張花伳宁鼷棸
fpkt0_si2168,镼灣鱋洛
fpkt0_si908,梜甈篕鏣颳笱螔
fpkt0_sx188,僦賴軻蔇媾在
fpkt0_sx278,凱圮訟硍襆嵱冥裚嬣倇烼
fpkt0_sx368,稂脖祫鄸趿迦琖撈
fpkt0_sx98,珛羭楫
mbpm0_si1577,疸慳饇窶
mbpm0_si1584,核紁囔潶殉劈龘罅他塭
mbpm0_si947,佴蹶欭艚夭愚
mbpm0_sx137,豚魃蹻屁怏煘綦疣
mbpm0_sx227,悱紁螄勰
mbpm0_sx317,鄰橘駷旳螄
mbpm0_sx407,撮爨譝卜鐰軵蚷橙
mbpm0_sx47,嵥亂債釋潟嬣
mcmj0_si1094,疣芴攽啷蟢虇机纓苭腧揌
mcmj0_si464,粥雃梊抬殫千棸鴻槼像塭婠橘敳
mcmj0_si602,雖逖駇潶篕矱菼秪憢灣欭楫
mcmj0_sx104,詈鶐篕鶐樅拻篕笛
mcmj0_sx194,跩綦餰楝萲岰
mcmj0_sx284,削瘁鋏樁屇歲駇悱婑聝
mcmj0_sx374,懵餲棸潶蚜鈄駇
mdab0_si1039,藅鮠他剆檉藅斻餰硍鏚悱愆篕貴爨
mdab0_si1669,警羱詵埼篕睨頓
mdab0_si2299,儃硍螶鋮蓾騿壢跖嗐棸
mdab0_sx139,裚桹儃鑾棄豚餰
mdab0_sx229,梜篕鱸瘁醾
mdab0_sx319,蟊鬘軉螿嵁躋釭
mdab0_sx409,薄腆唎九覕泃梜
mdab0_sx49,佧蚪蟢爨梉镼瀝淓挶
mgrt0_si1450,礧鋁橘姤哉棸嘟肙誺筱啖畟硍芽倇岰
mgrt0_si2080,藅劍赩詛票
mgrt0_si820,剜鎢鴙暐藻篕羱罅虌潶瓦袟洛債括趠
mgrt0_sx100,玅彭滒篕嵾訟硍岍蜅憟
mgrt0_sx190,囮筦娭篕壣覕鎢愻泠
mgrt0_sx280,廜聾撈覤
mgrt0_sx370,裚欶汀虇婰厚遠踆瀝梜藅芙藅
mjdh0_si1354,餰渮聾篕葹鶷砩熨緯綁
mjdh0_si1984,菼鶐騿詻
mjdh0_si724,粥潟拖櫐秏排
mjdh0_sx184,人疼娭鉼諾
mjdh0_sx274,諔牳吻篕篆鳿
mjdh0_sx364,珞欸鬑莝暐殶离忻哩駉堷晼
mjdh0_sx94,段儃頓砑岠造
mjln0_si1449,逭慷堷橘硈笭虇机菼鞃永
mjln0_si2079,鼷斷囷
mjln0_si819,镼餰瘁婰功螿噾塭雡剴嘴塭鎎寋樅
mjln0_sx189,襡蟊郅瘁樁螿喨葹彷
mjln0_sx279,菼洞饟蹻蹻垀豐踆軂
mjln0_sx369,鶐椪椆嘟宜次郤
mjln0_sx99,柼潶騿把張遇嗐騿餰簑
mjmp0_si1535,榱欶瀴鼕卜泠
mjmp0_si1791,巔棸棌剴揗揗覕篕藅鏃膛滵務烏瑔甈橘勰
mjmp0_si905,豐餰趿剆鶜鑾嘵蘀篕釋
mjmp0_sx185,屇剜罅砑橘嘻虇紂
mjmp0_sx275,頄樁舀橘諍諾奢
mjmp0_sx365,從舼佧寋糾摟晼柴悱冥龜黈
mjmp0_sx95,剆萇渣萴畟見伺羳琳筦
mklt0_si1213,匡菠朹驔餰濮
mklt0_si1843,凅屇銋抎啷灥姵欶跳
mklt0_si583,帕屺罅憒毄塭
mklt0_sx133,赶格驔礧仝翭餰糒
mklt0_sx223,酠虃奢虇梊
mklt0_sx313,虇鶐撮娭瀙篕圯价蠰
mklt0_sx403,裱鶜六鵯葹埬聾
mlll0_si1363,鉣債芽醀郾虇嵫馲蛶鼷
mlll0_si1993,雖橘花
mlll0_si733,谼蜅嘻甿酠袢餲艮礧儃婰
mlll0_sx103,鋂岍婰楯戡
mlll0_sx193,埬剜堶鶐媓瀝鯧丐
mlll0_sx283,莏塭葅剆診轓鑾芽欶陷
mlll0_sx373,薚樁庛寋潕欸泠
mlnt0_si1574,嶝朔娗絨篕閶駔錘藅媔樁梊
mlnt0_si1902,裚晼黈蠢瀝竀
mlnt0_si642,氳虇逖蜅雃騿帟鸀暘熩矛
mlnt0_sx102,鱨見爨瘁狅屇淉卜注
mlnt0_sx192,襡剆逖眈賏紉餰
mlnt0_sx282,仨諔瞳嗐僄蚙儃唒蓀
mlnt0_sx372,員饇狃剴悝梜伺晷
mnjm0_si1580,彷烏鍜艾剴剆莒
mnjm0_si2210,診詨沬爨逆埬紁
mnjm0_si950,動餼跖瀝蜅欸剆媒肙爨篕莙剜笅恅
mnjm0_sx140,懠鋂駔坒潶虇柪勦髻
mnjm0_sx230,倎掌珼嚴嵥嗐翌
mnjm0_sx320,裚誒欸篕啥彀苭淉菼浻
mnjm0_sx410,毖耙秪紸輆梜镼匡
mnjm0_sx50,趵皾人債釋篕蝳
mpam0_si1189,梜佴璨膫氳驔菼
mpam0_si1819,觴寋氫掌揗巳轏薚
mpam0_si1961,篕喨腧秶埁嵋旎詛聬塶砎虇梊
mpam0_sx109,瑾爨敖矧翭妧奕軺
mpam0_sx199,市呲債梊吜虒菘蝘儃趒菠
mpam0_sx289,彭訟潮餺旎頄瀝
mpam0_sx379,歪序篕縑讙毄鼷
mtas1_si1473,梵宒瞶媓
mtas1_si2098,嚧貘皿樁埬驗鉲掇
mtas1_si838,軾岍花膨鉣虇髻篆裚
mtas1_sx118,鱸雟瀝廜詘堷娭要
mtas1_sx208,虇耎晼篕鷦鱨挭遯
mtas1_sx298,騿郲篕剜梜鯧堷趿捭謬
mtas1_sx388,矚琳藅伺宄舡惱蕥勰侑
mtls0_si1370,餰張膏甈灥葹爨邴踆襪蚙佴戟葹
mtls0_si2000,梜舸蟊卜琖藅蚨鼷
mtls0_si740,屇媌湓硻澯
mtls0_sx110,佺桐蒟潶軴訟坒
mtls0_sx200,婠喨劄潶砑槼氳啖爨
mtls0_sx290,鼷見撻鵀卜旳圴駷
mtls0_sx380,餰爸喒篕梜邏塏梊
mwbt0_si1553,縪炩捭褾犮冒瑏梵欸偡宸魍眴
mwbt0_si2183,筦篕旎跾
mwbt0_si923,花韋奈鼷价竹天
mwbt0_sx113,烏泐篕謳寋郋梜縹
mwbt0_sx203,仨酐啖緂濱輮枌
mwbt0_sx293,廜聿寋膀瀱脖債錴寋黈濧
mwbt0_sx383,袺胛黈唒纙价覬梵虇勂
mwew0_si1361,餰濲滒螇骱
mwew0_si1991,頓篕硻冽蛾佝磼驔栽堷淉紸
mwew0_si731,篕梜帾胻篲准
mwew0_sx101,愆葫瀔諷橘賴鰨煁古篕張
mwew0_sx191,蚪惷伺挈蟊硊讓
mwew0_sx281,羳豵媿醾鎢趿膨娖蚙逖
mwew0_sx371,袢婰珺腩瓅槫
